attributes count,count,percentage (dark pattern count)
0,197,
1,60,52.17391304347826
2,50,43.47826086956522
3,5,4.3478260869565215
