Dark Pattern Type,Count,Percentage (by dark pattern counts)
Asymmetric,16,13.91304347826087
Covert,33,28.695652173913043
Deceptive,5,4.3478260869565215
Hides-Informations,66,57.391304347826086
Restrictive,44,38.26086956521739
Disparate-Treatment,11,9.565217391304348
